{
    "alpha": [
        1.57079632679,
        0.0,
        0.0,
        0.0,
        1.57079632679,
        0.0
    ],
    "a": [
        0.0,
        30.0,
        0.0,
        13.3,
        0.0,
        0.0
    ],
    "d": [
        127.0,
        236.0,
        145.0,
        55.0,
        120.0,
        0.0
    ],
    "theta_offset": [
        0.0,
        0.0,
        0.0,
        0.0,
        0.0,
        0.0
    ]
}
