{
  "L1": 238.8391869991225,
  "L2": 316.731210341754,
  "X0": -0.18639495626326036,
  "Z0": -0.3714226648782727,
  "shoulder_offset": 0.1260723405669298,
  "elbow_offset": -0.08503103834380087
}