{
    "b": 2.19972845,
    "s": 1.254796284,
    "e": -0.766990394,
    "t": 1.385184651,
    "r": 0.003067962,
    "g": 1.494097287
}