{
    "b": 3.049553806,
    "s": -0.0398835,
    "e": 0.036815539,
    "t": -0.067495155,
    "r": 0.0,
    "g": 1.504835153
}